{"data":[{"name":"页1","type":"page","selected":true,"spread":false,"uuid":"0","parent":"","children":[],"threeDimension":[],"threeDimensionEnvironment":[{"uuid":-1,"name":"Fog","type":"Fog","options":{"density":0,"color":"#ffffff"}},{"uuid":-1,"name":"ToneMapping","type":"ToneMapping","options":{"exposure":1,"type":1}},{"uuid":-1,"name":"Camera","type":"Camera","options":{"position":[7.05,7.49,9.55],"target":[7.54,0,0.18],"near":0.001,"far":1000000,"fov":60,"minDistance":0,"maxDistance":100000,"minPolarAngle":0,"maxPolarAngle":90,"zoomSpeed":1,"rotateSpeed":1,"panSpeed":1,"keyPanSpeed":7,"enableDamping":false,"dampingFactor":0.05,"type":"orbit"}},{"uuid":-1,"name":"FilterPass","type":"FilterPass","options":{"enabled":false,"hue":0,"saturation":1,"vibrance":0,"brightness":0,"contrast":1}},{"uuid":-1,"name":"GammaPass","type":"GammaPass","options":{"enabled":true,"factor":2.2}},{"uuid":-1,"name":"DOFPass","type":"DOFPass","options":{"enabled":false,"focus":100,"aperture":0.00001,"maxblur":0.01}},{"uuid":-1,"name":"OutlinePass","type":"OutlinePass","options":{"enabled":true,"edgeStrength":3,"edgeGlow":0,"edgeThickness":1,"pulsePeriod":0,"visibleEdgeColor":"#98e10f","hiddenEdgeColor":"#190a05"}},{"uuid":-1,"name":"BloomPass","type":"BloomPass","options":{"enabled":true,"strength":0.75,"radius":0.15,"threshold":0.035}},{"uuid":-1,"name":"AmbientLight","type":"AmbientLight","options":{"visible":true,"color":"#ffffff","intensity":1}},{"uuid":-1,"name":"HemiSphereLight","type":"HemiSphereLight","options":{"visible":true,"color":"#ffffff","groundColor":"#aaaaaa","intensity":0,"position":[0,500,0],"showHelper":false,"helperSize":5}},{"uuid":-1,"name":"DirectionLights","type":"DirectionLights","children":[]},{"uuid":-1,"name":"PointLights","type":"PointLights","children":[]},{"uuid":-1,"name":"SpotLights","type":"SpotLights","children":[],"options":{}},{"uuid":-1,"name":"HDR","type":"HDR","options":{"value":[]}},{"uuid":-1,"name":"Background","type":"Background","options":{"color":"#000000","texture":"","panorama":["right.jpg","left.jpg","shang.jpg","xia.jpg","top.jpg","back.jpg"],"scale":1,"rotation":[0,0,0],"type":"panorama","encoding":"","wrapping":"","repeat":[1,1]}},{"uuid":-1,"name":"Shadow","type":"Shadow","options":{"enabled":true,"type":2}},{"uuid":-1,"name":"Stats","type":"Stats","options":{"enabled":true}}],"threeDimensionElement":[{"uuid":-2,"name":"Tag","type":"Tag","children":[{"uuid":"2FB064D8-4F82-44DC-8B65-D9E230001D26","name":"Tag","type":"title","options":{"titleHeight":0.5,"color":"#6c6c6c","type":0,"title":"标题类型1","titleSize":0.3,"fontSize":64,"position":[0,0,0],"size":1,"renderOrder":1,"visible":true,"fontColor":"#ffffff","bgColor":"#000000","strokeColor":"#ffffff","opacity":0.2,"tagType":"title"}},{"uuid":"D50DB309-7859-4D91-9C4C-1CB631CCD53F","name":"Tag","type":"title","options":{"titleHeight":0.5,"color":"#6c6c6c","type":1,"title":"标题类型2","titleSize":0.3,"fontSize":64,"position":[2,0,0],"size":1,"renderOrder":1,"visible":true,"fontColor":"#ffffff","bgColor":"#000000","strokeColor":"#ffffff","opacity":0.2,"tagType":"title"}},{"uuid":"F6694D2F-29A3-44D5-9647-8D51C4DF2B66","name":"Tag","type":"title","options":{"titleHeight":0.5,"color":"#6c6c6c","type":2,"title":"标题类型3","titleSize":0.3,"fontSize":64,"position":[4,0,0],"size":1,"renderOrder":1,"visible":true,"fontColor":"#ffffff","bgColor":"#000000","strokeColor":"#ffffff","opacity":0.2,"tagType":"title"}},{"uuid":"574B6505-45B5-4D5A-8792-965C051F2784","name":"Tag","type":"title","options":{"titleHeight":0.5,"color":"#6c6c6c","type":3,"title":"标题类型4","titleSize":0.3,"fontSize":64,"position":[6,0,0],"size":1,"renderOrder":1,"visible":true,"fontColor":"#ffffff","bgColor":"#000000","strokeColor":"#ffffff","opacity":0.2,"tagType":"title"}},{"uuid":"90D39C21-4CD1-4256-B26F-73CEE3BE4FEA","name":"Tag","type":"mark","options":{"titleHeight":0.5,"color":"#6c6c6c","type":0,"title":"标记类型1","titleSize":0.3,"fontSize":64,"position":[8,0,0],"size":1,"renderOrder":1,"visible":true,"fontColor":"#ffffff","bgColor":"#000000","strokeColor":"#ffffff","opacity":0.2,"tagType":"mark"}},{"uuid":"84BDD277-370F-4ED3-B9EB-2F39BDD083B5","name":"Tag","type":"mark","options":{"titleHeight":0.5,"color":"#6c6c6c","type":1,"title":"标记类型2","titleSize":0.3,"fontSize":64,"position":[10,0,0],"size":1,"renderOrder":1,"visible":true,"fontColor":"#ffffff","bgColor":"#000000","strokeColor":"#ffffff","opacity":0.2,"tagType":"mark"}},{"uuid":"F115D0AF-F9B8-4528-B992-DC9BA6157160","name":"Tag","type":"mark","options":{"titleHeight":0.5,"color":"#6c6c6c","type":2,"title":"标记类型3","titleSize":0.3,"fontSize":64,"position":[12,0,0],"size":1,"renderOrder":1,"visible":true,"fontColor":"#ffffff","bgColor":"#000000","strokeColor":"#ffffff","opacity":0.2,"tagType":"mark"}},{"uuid":"099EF170-E92D-4BFF-AB33-9C3A30B56D5D","name":"Tag","type":"mark","options":{"titleHeight":0.5,"color":"#6c6c6c","type":3,"title":"标记类型4","titleSize":0.3,"fontSize":64,"position":[14,0,0],"size":1,"renderOrder":1,"visible":true,"fontColor":"#ffffff","bgColor":"#000000","strokeColor":"#ffffff","opacity":0.2,"tagType":"mark"}},{"uuid":"223AD01B-798A-4409-8D5A-5E3458860F11","name":"Tag","type":"mark","options":{"titleHeight":0.5,"color":"#6c6c6c","type":4,"title":"标记类型5","titleSize":0.3,"fontSize":64,"position":[16,0,0],"size":1,"renderOrder":1,"visible":true,"fontColor":"#ffffff","bgColor":"#000000","strokeColor":"#ffffff","opacity":0.2,"tagType":"mark"}},{"uuid":"F8D0AA02-5C35-4204-94F6-3B6C1042B760","name":"Tag","type":"mark","options":{"titleHeight":0.5,"color":"#6c6c6c","type":5,"title":"标记类型6","titleSize":0.3,"fontSize":64,"position":[0,0,2],"size":1,"renderOrder":1,"visible":true,"fontColor":"#ffffff","bgColor":"#000000","strokeColor":"#ffffff","opacity":0.2,"tagType":"mark"}},{"uuid":"705FE08B-7948-400D-A2B0-94D73B9E3F9E","name":"Tag","type":"mark","options":{"titleHeight":0.5,"color":"#6c6c6c","type":6,"title":"标记类型7","titleSize":0.3,"fontSize":64,"position":[2,0,2],"size":1,"renderOrder":1,"visible":true,"fontColor":"#ffffff","bgColor":"#000000","strokeColor":"#ffffff","opacity":0.2,"tagType":"mark"}},{"uuid":"A8857CA9-795E-4739-AC33-A74676D01529","name":"Tag","type":"mark","options":{"titleHeight":0.5,"color":"#6c6c6c","type":7,"title":"标记类型8","titleSize":0.3,"fontSize":64,"position":[4,0,2],"size":1,"renderOrder":1,"visible":true,"fontColor":"#ffffff","bgColor":"#000000","strokeColor":"#ffffff","opacity":0.2,"tagType":"mark"}},{"uuid":"C3F02885-84D5-4100-A43B-1237FE784848","name":"Tag","type":"mark","options":{"titleHeight":0.8,"color":"#6c6c6c","type":8,"title":"标记类型9","titleSize":0.3,"fontSize":64,"position":[6,0,2],"size":1,"renderOrder":1,"visible":true,"fontColor":"#ffffff","bgColor":"#000000","strokeColor":"#ffffff","opacity":0.2,"tagType":"mark"}},{"uuid":"F641C5D4-043E-418F-AAD1-FCEE3A2C587C","name":"Tag","type":"mark","options":{"titleHeight":0.8,"color":"#6c6c6c","type":9,"title":"标记类型10","titleSize":0.3,"fontSize":64,"position":[8,0,2],"size":1,"renderOrder":1,"visible":true,"fontColor":"#ffffff","bgColor":"#000000","strokeColor":"#ffffff","opacity":0.2,"tagType":"mark"}},{"uuid":"F3FA91D2-F6A3-4D1A-86FD-492BA3CADF63","name":"Tag","type":"mark","options":{"titleHeight":0.8,"color":"#6c6c6c","type":10,"title":"标记类型11","titleSize":0.3,"fontSize":64,"position":[10,0,2],"size":1,"renderOrder":1,"visible":true,"fontColor":"#ffffff","bgColor":"#000000","strokeColor":"#ffffff","opacity":0.2,"tagType":"mark"}},{"uuid":"1CB8C21F-9959-4C78-8FF8-C140177D2CB4","name":"Tag","type":"mark","options":{"titleHeight":0.8,"color":"#6c6c6c","type":11,"title":"标记类型12","titleSize":0.3,"fontSize":64,"position":[12,0,2],"size":1,"renderOrder":1,"visible":true,"fontColor":"#ffffff","bgColor":"#000000","strokeColor":"#ffffff","opacity":0.2,"tagType":"mark"}},{"uuid":"24876203-5771-4FBF-B49D-9026F9F5A565","name":"Tag","type":"mark","options":{"titleHeight":0.8,"color":"#6c6c6c","type":12,"title":"标记类型13","titleSize":0.3,"fontSize":64,"position":[14,0,2],"size":1,"renderOrder":1,"visible":true,"fontColor":"#ffffff","bgColor":"#000000","strokeColor":"#ffffff","opacity":0.2,"tagType":"mark"}},{"uuid":"80CA660E-8813-4CA1-B331-D7552AE3EE61","name":"Tag","type":"mark","options":{"titleHeight":0.8,"color":"#6c6c6c","type":13,"title":"标记类型14","titleSize":0.3,"fontSize":64,"position":[16,0,2],"size":1,"renderOrder":1,"visible":true,"fontColor":"#ffffff","bgColor":"#000000","strokeColor":"#ffffff","opacity":0.2,"tagType":"mark"}}]},{"uuid":-2,"name":"Popup","type":"Popup","children":[]},{"uuid":-2,"name":"Road","type":"Road","children":[]},{"uuid":-2,"name":"FlyLine","type":"FlyLine","children":[]},{"uuid":-2,"name":"Water","type":"Water","children":[]},{"uuid":-2,"name":"Particles","type":"Particles","children":[]},{"uuid":-2,"name":"Reflector","type":"Reflector","children":[]},{"uuid":-2,"name":"Floor","type":"Floor","children":[]}],"twoDimension":[]}],"fileList":[]}